-- phpMyAdmin SQL Dump
-- version 2.11.9.2
-- http://www.phpmyadmin.net
--
-- Host: 127.0.0.1:3306
-- Generation Time: Jan 26, 2015 at 03:20 PM
-- Server version: 5.1.28
-- PHP Version: 5.2.6

SET SQL_MODE="NO_AUTO_VALUE_ON_ZERO";


/*!40101 SET @OLD_CHARACTER_SET_CLIENT=@@CHARACTER_SET_CLIENT */;
/*!40101 SET @OLD_CHARACTER_SET_RESULTS=@@CHARACTER_SET_RESULTS */;
/*!40101 SET @OLD_COLLATION_CONNECTION=@@COLLATION_CONNECTION */;
/*!40101 SET NAMES utf8 */;

--
-- Database: `recom`
--

-- --------------------------------------------------------

--
-- Table structure for table `vt_addresses`
--

CREATE TABLE IF NOT EXISTS `vt_addresses` (
  `aid` int(20) NOT NULL AUTO_INCREMENT,
  `Address` varchar(20) NOT NULL,
  `cid` int(20) NOT NULL,
  `pid` int(20) NOT NULL,
  PRIMARY KEY (`aid`),
  UNIQUE KEY `Address` (`Address`),
  KEY `pid` (`pid`),
  KEY `cid` (`cid`)
) ENGINE=MyISAM  DEFAULT CHARSET=utf8 AUTO_INCREMENT=9 ;

--
-- Dumping data for table `vt_addresses`
--

INSERT INTO `vt_addresses` (`aid`, `Address`, `cid`, `pid`) VALUES
(1, 'address1', 1, 1),
(2, 'address2', 5, 5),
(3, 'address3', 30, 7),
(4, 'address4', 150, 16),
(5, 'address5', 1, 1),
(6, 'address7', 147, 16),
(7, 'beijng1', 1, 1),
(8, 'user8_address', 1, 1);

-- --------------------------------------------------------

--
-- Table structure for table `vt_advertises`
--

CREATE TABLE IF NOT EXISTS `vt_advertises` (
  `adid` int(50) NOT NULL AUTO_INCREMENT,
  `Product` varchar(50) NOT NULL,
  `Price` int(50) NOT NULL,
  PRIMARY KEY (`adid`),
  KEY `Product` (`Product`)
) ENGINE=MyISAM  DEFAULT CHARSET=utf8 AUTO_INCREMENT=5 ;

--
-- Dumping data for table `vt_advertises`
--

INSERT INTO `vt_advertises` (`adid`, `Product`, `Price`) VALUES
(1, 'BOSE SoundTrue耳塞式耳机（彩色音乐通话耳机）', 1100),
(2, 'kindle官方旗舰店亚马逊New Kindle电子书阅读器电纸书电子墨水屏', 499),
(3, '美国Misfit shine健身运动计步防水穿戴智能手环包邮', 698),
(4, 'Beats ur beats 爱彼此 ibeats 安卓手机入耳式耳机 面条线控耳麦', 848);

-- --------------------------------------------------------

--
-- Table structure for table `vt_cities`
--

CREATE TABLE IF NOT EXISTS `vt_cities` (
  `cid` int(11) NOT NULL AUTO_INCREMENT,
  `City` varchar(20) NOT NULL,
  `pid` int(11) NOT NULL,
  PRIMARY KEY (`cid`),
  UNIQUE KEY `City_2` (`City`),
  KEY `pid` (`pid`)
) ENGINE=MyISAM  DEFAULT CHARSET=utf8 AUTO_INCREMENT=390 ;

--
-- Dumping data for table `vt_cities`
--

INSERT INTO `vt_cities` (`cid`, `City`, `pid`) VALUES
(1, '北京市', 1),
(2, '天津市', 2),
(3, '上海市', 3),
(4, '重庆市', 4),
(5, '石家庄市', 5),
(6, '唐山市', 5),
(7, '秦皇岛市', 5),
(8, '邯郸市', 5),
(9, '邢台市', 5),
(10, '保定市', 5),
(11, '张家口市', 5),
(12, '承德市', 5),
(13, '沧州市', 5),
(14, '廊坊市', 5),
(15, '衡水市', 5),
(16, '太原市', 6),
(17, '大同市', 6),
(18, '阳泉市', 6),
(19, '长治市', 6),
(20, '晋城市', 6),
(21, '朔州市', 6),
(22, '晋中市', 6),
(23, '运城市', 6),
(24, '忻州市', 6),
(25, '临汾市', 6),
(26, '吕梁市', 6),
(27, '台北市', 7),
(28, '高雄市', 7),
(29, '基隆市', 7),
(30, '台中市', 7),
(31, '台南市', 7),
(32, '新竹市', 7),
(33, '嘉义市', 7),
(34, '台北县', 7),
(35, '宜兰县', 7),
(36, '桃园县', 7),
(37, '新竹县', 7),
(38, '苗栗县', 7),
(39, '台中县', 7),
(40, '彰化县', 7),
(41, '南投县', 7),
(42, '云林县', 7),
(43, '嘉义县', 7),
(44, '台南县', 7),
(45, '高雄县', 7),
(46, '屏东县', 7),
(47, '澎湖县', 7),
(48, '台东县', 7),
(49, '花莲县', 7),
(50, '沈阳市', 8),
(51, '大连市', 8),
(52, '鞍山市', 8),
(53, '抚顺市', 8),
(54, '本溪市', 8),
(55, '丹东市', 8),
(56, '锦州市', 8),
(57, '营口市', 8),
(58, '阜新市', 8),
(59, '辽阳市', 8),
(60, '盘锦市', 8),
(61, '铁岭市', 8),
(62, '朝阳市', 8),
(63, '葫芦岛市', 8),
(64, '长春市', 9),
(65, '吉林市', 9),
(66, '四平市', 9),
(67, '辽源市', 9),
(68, '通化市', 9),
(69, '白山市', 9),
(70, '松原市', 9),
(71, '白城市', 9),
(72, '延边朝鲜族自治州', 9),
(73, '哈尔滨市', 10),
(74, '齐齐哈尔市', 10),
(75, '鹤 岗 市', 10),
(76, '双鸭山市', 10),
(77, '鸡 西 市', 10),
(78, '大 庆 市', 10),
(79, '伊 春 市', 10),
(80, '牡丹江市', 10),
(81, '佳木斯市', 10),
(82, '七台河市', 10),
(83, '黑 河 市', 10),
(84, '绥 化 市', 10),
(85, '大兴安岭地区', 10),
(86, '南京市', 11),
(87, '无锡市', 11),
(88, '徐州市', 11),
(89, '常州市', 11),
(90, '苏州市', 11),
(91, '南通市', 11),
(92, '连云港市', 11),
(93, '淮安市', 11),
(94, '盐城市', 11),
(95, '扬州市', 11),
(96, '镇江市', 11),
(97, '泰州市', 11),
(98, '宿迁市', 11),
(99, '杭州市', 12),
(100, '宁波市', 12),
(101, '温州市', 12),
(102, '嘉兴市', 12),
(103, '湖州市', 12),
(104, '绍兴市', 12),
(105, '金华市', 12),
(106, '衢州市', 12),
(107, '舟山市', 12),
(108, '台州市', 12),
(109, '丽水市', 12),
(110, '合肥市', 13),
(111, '芜湖市', 13),
(112, '蚌埠市', 13),
(113, '淮南市', 13),
(114, '马鞍山市', 13),
(115, '淮北市', 13),
(116, '铜陵市', 13),
(117, '安庆市', 13),
(118, '黄山市', 13),
(119, '滁州市', 13),
(120, '阜阳市', 13),
(121, '宿州市', 13),
(122, '巢湖市', 13),
(123, '六安市', 13),
(124, '亳州市', 13),
(125, '池州市', 13),
(126, '宣城市', 13),
(127, '福州市', 14),
(128, '厦门市', 14),
(129, '莆田市', 14),
(130, '三明市', 14),
(131, '泉州市', 14),
(132, '漳州市', 14),
(133, '南平市', 14),
(134, '龙岩市', 14),
(135, '宁德市', 14),
(136, '南昌市', 15),
(137, '景德镇市', 15),
(138, '萍乡市', 15),
(139, '九江市', 15),
(140, '新余市', 15),
(141, '鹰潭市', 15),
(142, '赣州市', 15),
(143, '吉安市', 15),
(144, '宜春市', 15),
(145, '抚州市', 15),
(146, '上饶市', 15),
(147, '济南市', 16),
(148, '青岛市', 16),
(149, '淄博市', 16),
(150, '枣庄市', 16),
(151, '东营市', 16),
(152, '烟台市', 16),
(153, '潍坊市', 16),
(154, '济宁市', 16),
(155, '泰安市', 16),
(156, '威海市', 16),
(157, '日照市', 16),
(158, '莱芜市', 16),
(159, '临沂市', 16),
(160, '德州市', 16),
(161, '聊城市', 16),
(162, '滨州市', 16),
(163, '菏泽市', 16),
(164, '郑州市', 17),
(165, '开封市', 17),
(166, '洛阳市', 17),
(167, '平顶山市', 17),
(168, '安阳市', 17),
(169, '鹤壁市', 17),
(170, '新乡市', 17),
(171, '焦作市', 17),
(172, '濮阳市', 17),
(173, '许昌市', 17),
(174, '漯河市', 17),
(175, '三门峡市', 17),
(176, '南阳市', 17),
(177, '商丘市', 17),
(178, '信阳市', 17),
(179, '周口市', 17),
(180, '驻马店市', 17),
(181, '济源市', 17),
(182, '武汉市', 18),
(183, '黄石市', 18),
(184, '十堰市', 18),
(185, '荆州市', 18),
(186, '宜昌市', 18),
(187, '襄樊市', 18),
(188, '鄂州市', 18),
(189, '荆门市', 18),
(190, '孝感市', 18),
(191, '黄冈市', 18),
(192, '咸宁市', 18),
(193, '随州市', 18),
(194, '仙桃市', 18),
(195, '天门市', 18),
(196, '潜江市', 18),
(197, '神农架林区', 18),
(198, '恩施土家族苗族自治州', 18),
(199, '长沙市', 19),
(200, '株洲市', 19),
(201, '湘潭市', 19),
(202, '衡阳市', 19),
(203, '邵阳市', 19),
(204, '岳阳市', 19),
(205, '常德市', 19),
(206, '张家界市', 19),
(207, '益阳市', 19),
(208, '郴州市', 19),
(209, '永州市', 19),
(210, '怀化市', 19),
(211, '娄底市', 19),
(212, '湘西土家族苗族自治州', 19),
(213, '广州市', 20),
(214, '深圳市', 20),
(215, '珠海市', 20),
(216, '汕头市', 20),
(217, '韶关市', 20),
(218, '佛山市', 20),
(219, '江门市', 20),
(220, '湛江市', 20),
(221, '茂名市', 20),
(222, '肇庆市', 20),
(223, '惠州市', 20),
(224, '梅州市', 20),
(225, '汕尾市', 20),
(226, '河源市', 20),
(227, '阳江市', 20),
(228, '清远市', 20),
(229, '东莞市', 20),
(230, '中山市', 20),
(231, '潮州市', 20),
(232, '揭阳市', 20),
(233, '云浮市', 20),
(234, '兰州市', 21),
(235, '金昌市', 21),
(236, '白银市', 21),
(237, '天水市', 21),
(238, '嘉峪关市', 21),
(239, '武威市', 21),
(240, '张掖市', 21),
(241, '平凉市', 21),
(242, '酒泉市', 21),
(243, '庆阳市', 21),
(244, '定西市', 21),
(245, '陇南市', 21),
(246, '临夏回族自治州', 21),
(247, '甘南藏族自治州', 21),
(248, '成都市', 22),
(249, '自贡市', 22),
(250, '攀枝花市', 22),
(251, '泸州市', 22),
(252, '德阳市', 22),
(253, '绵阳市', 22),
(254, '广元市', 22),
(255, '遂宁市', 22),
(256, '内江市', 22),
(257, '乐山市', 22),
(258, '南充市', 22),
(259, '眉山市', 22),
(260, '宜宾市', 22),
(261, '广安市', 22),
(262, '达州市', 22),
(263, '雅安市', 22),
(264, '巴中市', 22),
(265, '资阳市', 22),
(266, '阿坝藏族羌族自治州', 22),
(267, '甘孜藏族自治州', 22),
(268, '凉山彝族自治州', 22),
(269, '贵阳市', 23),
(270, '六盘水市', 23),
(271, '遵义市', 23),
(272, '安顺市', 23),
(273, '铜仁地区', 23),
(274, '毕节地区', 23),
(275, '黔西南布依族苗族自治州', 23),
(276, '黔东南苗族侗族自治州', 23),
(277, '黔南布依族苗族自治州', 23),
(278, '海口市', 24),
(279, '三亚市', 24),
(280, '五指山市', 24),
(281, '琼海市', 24),
(282, '儋州市', 24),
(283, '文昌市', 24),
(284, '万宁市', 24),
(285, '东方市', 24),
(286, '澄迈县', 24),
(287, '定安县', 24),
(288, '屯昌县', 24),
(289, '临高县', 24),
(290, '白沙黎族自治县', 24),
(291, '昌江黎族自治县', 24),
(292, '乐东黎族自治县', 24),
(293, '陵水黎族自治县', 24),
(294, '保亭黎族苗族自治县', 24),
(295, '琼中黎族苗族自治县', 24),
(296, '昆明市', 25),
(297, '曲靖市', 25),
(298, '玉溪市', 25),
(299, '保山市', 25),
(300, '昭通市', 25),
(301, '丽江市', 25),
(302, '思茅市', 25),
(303, '临沧市', 25),
(304, '文山壮族苗族自治州', 25),
(305, '红河哈尼族彝族自治州', 25),
(306, '西双版纳傣族自治州', 25),
(307, '楚雄彝族自治州', 25),
(308, '大理白族自治州', 25),
(309, '德宏傣族景颇族自治州', 25),
(310, '怒江傈傈族自治州', 25),
(311, '迪庆藏族自治州', 25),
(312, '西宁市', 26),
(313, '海东地区', 26),
(314, '海北藏族自治州', 26),
(315, '黄南藏族自治州', 26),
(316, '海南藏族自治州', 26),
(317, '果洛藏族自治州', 26),
(318, '玉树藏族自治州', 26),
(319, '海西蒙古族藏族自治州', 26),
(320, '西安市', 27),
(321, '铜川市', 27),
(322, '宝鸡市', 27),
(323, '咸阳市', 27),
(324, '渭南市', 27),
(325, '延安市', 27),
(326, '汉中市', 27),
(327, '榆林市', 27),
(328, '安康市', 27),
(329, '商洛市', 27),
(330, '南宁市', 28),
(331, '柳州市', 28),
(332, '桂林市', 28),
(333, '梧州市', 28),
(334, '北海市', 28),
(335, '防城港市', 28),
(336, '钦州市', 28),
(337, '贵港市', 28),
(338, '玉林市', 28),
(339, '百色市', 28),
(340, '贺州市', 28),
(341, '河池市', 28),
(342, '来宾市', 28),
(343, '崇左市', 28),
(344, '拉萨市', 29),
(345, '那曲地区', 29),
(346, '昌都地区', 29),
(347, '山南地区', 29),
(348, '日喀则地区', 29),
(349, '阿里地区', 29),
(350, '林芝地区', 29),
(351, '银川市', 30),
(352, '石嘴山市', 30),
(353, '吴忠市', 30),
(354, '固原市', 30),
(355, '中卫市', 30),
(356, '乌鲁木齐市', 31),
(357, '克拉玛依市', 31),
(358, '石河子市　', 31),
(359, '阿拉尔市', 31),
(360, '图木舒克市', 31),
(361, '五家渠市', 31),
(362, '吐鲁番市', 31),
(363, '阿克苏市', 31),
(364, '喀什市', 31),
(365, '哈密市', 31),
(366, '和田市', 31),
(367, '阿图什市', 31),
(368, '库尔勒市', 31),
(369, '昌吉市　', 31),
(370, '阜康市', 31),
(371, '米泉市', 31),
(372, '博乐市', 31),
(373, '伊宁市', 31),
(374, '奎屯市', 31),
(375, '塔城市', 31),
(376, '乌苏市', 31),
(377, '阿勒泰市', 31),
(378, '呼和浩特市', 32),
(379, '包头市', 32),
(380, '乌海市', 32),
(381, '赤峰市', 32),
(382, '通辽市', 32),
(383, '鄂尔多斯市', 32),
(384, '呼伦贝尔市', 32),
(385, '巴彦淖尔市', 32),
(386, '乌兰察布市', 32),
(387, '锡林郭勒盟', 32),
(388, '兴安盟', 32),
(389, '阿拉善盟', 32);

-- --------------------------------------------------------

--
-- Table structure for table `vt_orders`
--

CREATE TABLE IF NOT EXISTS `vt_orders` (
  `oid` int(50) NOT NULL AUTO_INCREMENT,
  `uid` int(50) NOT NULL,
  `aid` int(50) NOT NULL,
  `rcid` int(50) NOT NULL,
  `Quantity` varchar(50) NOT NULL DEFAULT '1',
  `Usedyear` varchar(50) NOT NULL DEFAULT '1',
  `Useable` varchar(50) CHARACTER SET utf8 COLLATE utf8_bin NOT NULL DEFAULT '1',
  `Evaluate` varchar(50) DEFAULT NULL,
  `Gettime` varchar(50) NOT NULL,
  `sid` int(50) NOT NULL,
  `adid` int(50) DEFAULT NULL,
  `Createtime` timestamp NOT NULL DEFAULT CURRENT_TIMESTAMP ON UPDATE CURRENT_TIMESTAMP,
  PRIMARY KEY (`oid`),
  KEY `Createtime` (`Createtime`)
) ENGINE=MyISAM  DEFAULT CHARSET=utf8 AUTO_INCREMENT=9 ;

--
-- Dumping data for table `vt_orders`
--

INSERT INTO `vt_orders` (`oid`, `uid`, `aid`, `rcid`, `Quantity`, `Usedyear`, `Useable`, `Evaluate`, `Gettime`, `sid`, `adid`, `Createtime`) VALUES
(1, 0, 0, 1, '2', '2', '0', '', '0000-00-00 00:00:00', 0, 0, '0000-00-00 00:00:00'),
(2, 0, 0, 1, '3', '2', '0', '', '0000-00-00 00:00:00', 0, 0, '0000-00-00 00:00:00'),
(3, 0, 6, 1, '2', '2', '1', NULL, '2015-01-05 23:30', 1, 0, '0000-00-00 00:00:00'),
(4, 0, 7, 1, '2', '2', '0', NULL, '2015-01-15 02:00', 1, 0, '0000-00-00 00:00:00'),
(5, 9, 6, 1, '2', '2', '0', NULL, '2015-01-16 01:00', 1, 1, '2015-01-05 23:50:19'),
(6, 9, 6, 1, '2', '2', '1', NULL, '2015-01-22 01:30', 1, 1, '2015-01-06 02:49:33'),
(7, 9, 6, 5, '', '', '', NULL, '2015-01-22 01:30', 1, 1, '2015-01-06 02:49:33'),
(8, 9, 6, 1, '1', '1', '1', NULL, '2015-01-23 02:00', 1, 1, '2015-01-06 02:52:26');

-- --------------------------------------------------------

--
-- Table structure for table `vt_provinces`
--

CREATE TABLE IF NOT EXISTS `vt_provinces` (
  `pid` int(20) unsigned NOT NULL AUTO_INCREMENT,
  `Province` varchar(20) NOT NULL,
  PRIMARY KEY (`pid`),
  UNIQUE KEY `Province` (`Province`)
) ENGINE=MyISAM  DEFAULT CHARSET=utf8 AUTO_INCREMENT=35 ;

--
-- Dumping data for table `vt_provinces`
--

INSERT INTO `vt_provinces` (`pid`, `Province`) VALUES
(1, '北京市'),
(2, '天津市'),
(3, '上海市'),
(4, '重庆市'),
(5, '河北省'),
(6, '山西省'),
(7, '台湾省'),
(8, '辽宁省'),
(9, '吉林省'),
(10, '黑龙江省'),
(11, '江苏省'),
(12, '浙江省'),
(13, '安徽省'),
(14, '福建省'),
(15, '江西省'),
(16, '山东省'),
(17, '河南省'),
(18, '湖北省'),
(19, '湖南省'),
(20, '广东省'),
(21, '甘肃省'),
(22, '四川省'),
(23, '贵州省'),
(24, '海南省'),
(25, '云南省'),
(26, '青海省'),
(27, '陕西省'),
(28, '广西壮族自治区'),
(29, '西藏自治区'),
(30, '宁夏回族自治区'),
(31, '新疆维吾尔自治区'),
(32, '内蒙古自治区'),
(33, '澳门特别行政区'),
(34, '香港特别行政区');

-- --------------------------------------------------------

--
-- Table structure for table `vt_recom`
--

CREATE TABLE IF NOT EXISTS `vt_recom` (
  `rcid` int(50) NOT NULL AUTO_INCREMENT,
  `Brand` varchar(50) NOT NULL,
  `Cpu` varchar(50) NOT NULL,
  `Ram` varchar(50) NOT NULL,
  `Harddisk` varchar(50) NOT NULL,
  `Graphic` varchar(50) NOT NULL,
  `Monitorsize` varchar(50) DEFAULT NULL,
  PRIMARY KEY (`rcid`),
  KEY `Brand` (`Brand`)
) ENGINE=MyISAM  DEFAULT CHARSET=utf8 AUTO_INCREMENT=8 ;

--
-- Dumping data for table `vt_recom`
--

INSERT INTO `vt_recom` (`rcid`, `Brand`, `Cpu`, `Ram`, `Harddisk`, `Graphic`, `Monitorsize`) VALUES
(1, 'brand1', 'cpu1', 'ram1', 'disk1', 'graphic1', '15'),
(2, 'brand1', 'cpu1', 'ram1', 'graphic1', 'monitor1', '15'),
(3, 'brand2', 'cpu2', 'ram2', 'disk2', 'graphic2', '15'),
(4, 'brand2', 'cpu1', 'ram1', 'disk1', 'graphic1', '15'),
(5, '', '', '', '', '', ''),
(6, 'brand1', 'c', 'd', 'q', 'we', '15'),
(7, 'brand1', 'cpu1', 'ram1', 'disk1', 'graphic1', '16');

-- --------------------------------------------------------

--
-- Table structure for table `vt_uid_aid`
--

CREATE TABLE IF NOT EXISTS `vt_uid_aid` (
  `uid` int(20) NOT NULL,
  `aid` int(20) NOT NULL,
  PRIMARY KEY (`uid`,`aid`)
) ENGINE=MyISAM DEFAULT CHARSET=utf8;

--
-- Dumping data for table `vt_uid_aid`
--

INSERT INTO `vt_uid_aid` (`uid`, `aid`) VALUES
(0, 0),
(0, 7),
(3, 1),
(3, 2),
(4, 1),
(5, 3),
(6, 4),
(7, 5),
(8, 5),
(9, 6),
(9, 7),
(10, 8);

-- --------------------------------------------------------

--
-- Table structure for table `vt_users`
--

CREATE TABLE IF NOT EXISTS `vt_users` (
  `uid` int(20) NOT NULL AUTO_INCREMENT,
  `Name` varchar(20) NOT NULL,
  `Pass` varchar(100) NOT NULL,
  `Mail` varchar(20) NOT NULL,
  `Cell` varchar(20) NOT NULL,
  `Zhifubao` varchar(50) DEFAULT NULL,
  PRIMARY KEY (`uid`),
  UNIQUE KEY `Mail` (`Mail`,`Cell`),
  KEY `Name` (`Name`),
  KEY `Zhifubao` (`Zhifubao`)
) ENGINE=MyISAM  DEFAULT CHARSET=utf8 AUTO_INCREMENT=11 ;

--
-- Dumping data for table `vt_users`
--

INSERT INTO `vt_users` (`uid`, `Name`, `Pass`, `Mail`, `Cell`, `Zhifubao`) VALUES
(4, 'user2', '222222', 'mail2', '222222', 'zhifubao6'),
(3, 'user1', '111111', 'mail1', '111111', 'zhifubao6'),
(5, 'user3', '123123123', 'mail3', '333333', 'zhifubao6'),
(6, 'user4', '444444', 'mail4', '444444', 'zhifubao6'),
(7, 'user5', 'c5fe25896e49ddfe996d', 'mail5', '55555', 'zhifubao6'),
(8, 'user6', 'f379eaf3c831b04de153', 'mail6', '666666', 'zhifubao6'),
(9, 'user7', 'f63f4fbc9f8c85d409f2f59f2b9e12d5', 'mail7', '777777', 'zhifubao6'),
(10, 'user8', '21218cca77804d2ba1922c33e0151105', 'user8.mail', '888888', NULL);
